{
  "n_zones": 8,
  "n_state": 17,
  "n_cond": 16,
  "n_static": 5,
  "context_len": 168,
  "horizon": 120,
  "target_len": 24,
  "train_samples": 1482,
  "val_samples": 249,
  "test_samples": 249,
  "scaler": {
    "mu": [
      [
        [
          751.5420532226562,
          44.94290542602539,
          0.6262840628623962,
          0.5325634479522705,
          2.0081396102905273,
          500.9634094238281,
          5.381377696990967,
          57.52302932739258,
          23.10559844970703,
          74.54115295410156,
          0.5717237591743469,
          3.039473295211792,
          93.10790252685547,
          111.34111022949219,
          92.48175811767578,
          22249.36328125,
          196950.328125
        ]
      ]
    ],
    "std": [
      [
        [
          174.59918212890625,
          8.715728759765625,
          0.14549876749515533,
          0.13328833878040314,
          0.9803014993667603,
          126.68740844726562,
          1.137062430381775,
          4.181466579437256,
          6.662382125854492,
          8.760723114013672,
          0.06603886932134628,
          0.36523258686065674,
          20.337175369262695,
          20.63188362121582,
          8.541949272155762,
          2438.4326171875,
          30859.427734375
        ]
      ]
    ]
  },
  "dataset_path": "ml/data/processed/dataset.pt"
}